"[MASK] medieval [MASK] , the townspeople from [MASK] [MASK] so practised at butchering [MASK] that they [MASK] [MASK] in-depth knowledge of anatomy [MASK] were allowed to practise as surgeons along with members [MASK] the clergy ."
"The satellite [MASK] [MASK] 660 [MASK] [MASK] the Israeli Haaretz newspaper reported , citing unnamed company officials ."
The situation [MASK] been [MASK] complicated [MASK] growing [MASK] that the [MASK] Treasury is preparing [MASK] make funds available for recapitalsing US banks .
"As North [MASK] 's close [MASK] , traditional [MASK] and main [MASK] of [MASK] aid , China is widely believed [MASK] hold the key to solving the [MASK] Korea conundrum ."
"Depression [MASK] anxiety and [MASK] [MASK] risk of alcoholism , smoking or drug abuse ."
Karzai 's lead [MASK] big [MASK] [MASK] fraud would have to be uncovered [MASK] a huge scale to force [MASK] round .
"The developments were prompted by a major [MASK] last week by [MASK] Justice [MASK] inspector general [MASK] [MASK] concluded that department [MASK] illegally used "" political or ideological [MASK] factors in [MASK] lawyers [MASK] nonpartisan positions ."
"Group sales , including those at Virgin [MASK] [MASK] the tour operator , rose 8.4 per cent from Â£ [MASK] billion to [MASK] [MASK] [MASK] ."
"Puerto Rico [MASK] unemployment [MASK] exceeds 15 percent , according to the U.S. Bureau of [MASK] [MASK] ."
"[MASK] this [MASK] we received a revised schedule that [MASK] [MASK] on many services [MASK] including electronic banking , something that [MASK] [MASK] to save banks money because it cut [MASK] overhead ."
"In [MASK] [MASK] way as the Himalayas are "" [MASK] [MASK] water-tower , [MASK] Switzerland [MASK] the source [MASK] Europe 's biggest [MASK] , supporting agriculture and waterways , and cooling nuclear power stations ."
Beckett pitched another shutout to beat [MASK] [MASK] Angeles Angels in [MASK] [MASK] playoff opener [MASK] year and then [MASK] Game 1 against the Indians .
"WASHINGTON ( Reuters ) - The [MASK] States has been [MASK] detaining [MASK] [MASK] aboard floating "" prison ships , "" [MASK] British legal [MASK] [MASK] on Monday , [MASK] the Pentagon described the [MASK] as inaccurate ."
The Trojan Horse [MASK] [MASK] big pop tunes sometimes overwhelms the intellectual [MASK] in hedonism and its aching comedown [MASK] [MASK] [MASK] them special .
How she came across [MASK] gun [MASK] not yet been explained in court [MASK]
"[MASK] , based [MASK] Norwalk [MASK] Conn . [MASK] will also [MASK] on $ 2 billion of ACS 's debt and issue $ 300 [MASK] of convertible [MASK] stock to ACS 's [MASK] [MASK] shareholders ."
But [MASK] [MASK] brushed [MASK] suggestions that Mr. [MASK] 's abrupt exit was related to new troubles at the [MASK] .
He said other [MASK] arrived and [MASK] men were handcuffed .
[MASK] head for the boat [MASK] and I launch myself into the azure water [MASK]
[MASK] [MASK] briefly felt they were riding the waves of globalisation [MASK]
Duffy said he does not see any [MASK] [MASK] future for Nagin [MASK]
People who commit animal cruelty [MASK] the presence of a minor [MASK] stronger penalties [MASK]
"If they are not [MASK] ethnic or a religious group , [MASK] are the Arabs [MASK] language group [MASK]"
""" One of [MASK] factors implied by [MASK] study is financial reimbursement , "" he [MASK] [MASK]"
"[MASK] [MASK] 's [MASK] publicized [MASK] [MASK] , his [MASK] [MASK] another woman [MASK] reputed mob ties and conviction on tax-evasion charges in 2000 were constant distractions , and [MASK] political observers have said [MASK] his baggage kept her [MASK] winning higher office ."
"With 21,000 [MASK] miles in 46 [MASK] , the District of Columbia and three Canadian [MASK] , Amtrak operates [MASK] than 300 trains each day [MASK] at speeds [MASK] to [MASK] mph -- to [MASK] than 500 destinations [MASK]"
The Bush administration is supporting [MASK] .
"We cannot simply [MASK] to what are effectively bank vaults on wheels , useful for [MASK] [MASK] [MASK] with little flexibility [MASK] manoeuvrability [MASK]"
The Food and Drug Administration [MASK] in a [MASK] letter [MASK] told [MASK] drugmaker [MASK] could hold up [MASK] of new products if the [MASK] are not corrected quickly .
"[MASK] [MASK] death tolls from Haitian officials , meanwhile [MASK] have raised [MASK] that [MASK] one really knows how [MASK] people died in the Jan ."
"[MASK] : Cairo , Egypt -- [MASK] [MASK] spotted [MASK] his reindeer taking a quick break and warming up [MASK] the paws of the [MASK] Sphinx . Egypt is the quarter [MASK] on Santa 's 24-hour [MASK] around [MASK] world and has always been [MASK] quick but [MASK] resting spot [MASK]"
"[MASK] [MASK] up sharply from [MASK] in July [MASK] 54.1 in August -- the strongest rise [MASK] record , which took the index to its highest [MASK] since April 2008 [MASK]"
Enter Mervyn [MASK] .
"[MASK] Day , for example , made "" 21st Century [MASK] [MASK] available for streaming on Rhapsody [MASK] a week [MASK] its May [MASK] release ."
"Moscow , Russia ( CNN ) -- It 's meant [MASK] the crowning glory [MASK] [MASK] 's post-soviet revival [MASK] in [MASK] [MASK] winter Olympics [MASK] be held here , in [MASK] pristine mountains of Sochi in Russia [MASK] [MASK] ."
The [MASK] Mike Royko dubbed him [MASK] Moonbeam when [MASK] Brown suggested that California [MASK] have [MASK] use for satellites .
"Gates said he [MASK] [MASK] believe that Barack [MASK] [MASK] [MASK] would "" increase the risks to anybody "" -- a reference to Israeli concerns [MASK] its nuclear monopoly may soon [MASK] challenged by [MASK] [MASK] republic ."
"Joyce Valente , [MASK] Balco employee , filed a police report about the "" stolen [MASK] [MASK] in [MASK] [MASK] [MASK] [MASK] the local weekly paper published [MASK] item about it ."
"[MASK] this [MASK] , with the economy backfiring [MASK] Weitzman won 't be [MASK] Prince Charming ."
"Can [MASK] do this myself , or do [MASK] [MASK] a lawyer ?"
We need the equivalent [MASK] what [MASK] done in [MASK] at Bretton Woods .
""" The fire caused serious damage to the state [MASK] [MASK] [MASK] CCTV is [MASK] remorseful ."
"But [MASK] proved a false dawn , with MPs left to [MASK] around alongside [MASK] who [MASK] a privileged [MASK] inside an average [MASK] [MASK] the Manure Parliament ."
The marchers were attacked by onlookers after some [MASK] them [MASK] to [MASK] an [MASK] .
"[MASK] starters : 9 [MASK] 5 offense , 4 [MASK] ) ."
The response of the P5 + 1 [MASK] [MASK] UN Security Council 's [MASK] [MASK] plus [MASK] ) to [MASK] Iranian diss becomes crucial .
[MASK] [MASK] and Cisco [MASK] below fair value ? -- Is [MASK] being overly conservative with the Q3 [MASK] it announced during [MASK] recent earnings report ?
"Outside [MASK] [MASK] Jacky [MASK] and Charles Dyer , [MASK] at the University of Gloucestershire , were mixing their own [MASK] [MASK] two pewter hip flasks ."
[MASK] Government - This [MASK] [MASK] downsize the Federal Government and bring the [MASK] once [MASK] by each of the [MASK] back to those States .
"LOS ANGELES ( [MASK] ) - Oscar-winning [MASK] singer Isaac [MASK] who , [MASK] with Al Green , James Brown [MASK] [MASK] Wonder , was one of [MASK] [MASK] black [MASK] in the early 1970s , died in [MASK] on Sunday ."
He [MASK] polishing up [MASK] act and bolstering his tough [MASK] cred .
"Mr. Nardelli acknowledged [MASK] he did not have automotive expertise , but [MASK] his experience in dealing with industrial issues at [MASK] [MASK] where he had [MASK] to [MASK] a [MASK] making power [MASK] [MASK] as generators and turbines before leaving to [MASK] Home Depot in [MASK] [MASK]"
Mousavi supporters were planning [MASK] demonstration outside parliament [MASK] Wednesday [MASK] .
""" [MASK] 'm just getting warmed up , "" Clinton [MASK] reporters , a clear sign that she [MASK] to press [MASK] campaign on beyond Tuesday [MASK] [MASK] the [MASK] ."
But [MASK] claimed that Collier [MASK] been [MASK] informed [MASK] discussions about the [MASK] over the [MASK] two months by a member of the governing council .
"19 ( AP ) [MASK] Jan Wolkers , a novelist , poet and [MASK] whose sex-charged books helped [MASK] off [MASK] shackles of [MASK] [MASK] in the Netherlands , [MASK] Friday at his [MASK] [MASK] the North Sea island of [MASK] ."
With the [MASK] escalating [MASK] [MASK] rivals agreed in February [MASK] share power [MASK] with Odinga taking the new position of prime minister [MASK]
"[MASK] I think [MASK] year he 's [MASK] [MASK] things that the N.F.L. guys [MASK] to [MASK] , "" said [MASK] June Jones , a former N.F.L. coach ."
"The day after his [MASK] , he [MASK] arrested for assault , then [MASK] [MASK] prison ."
[MASK] think [MASK] went wrong [MASK] ago and [MASK] only really brought into focus with the abandoned election and [MASK] exacerbated [MASK] the 10p tax fiasco .
"Nadal broke again to [MASK] up 3-2 in [MASK] second after [MASK] forehand error [MASK] Roddick , which was enough [MASK] clinch [MASK] set ."
"WASHINGTON -- The remains of [MASK] [MASK] American lost [MASK] the Persian Gulf War have been found in Iraq , the military said today , after struggling for [MASK] [MASK] decades with [MASK] question of whether he [MASK] [MASK] or [MASK] [MASK]"
"The MacNeils [MASK] descent from Niall of the [MASK] Hostages , [MASK] of Ireland from [MASK] to 405 ."
"[MASK] , [MASK] year [MASK] wholesale money markets closed up for a wide [MASK] of reasons , of which the [MASK] [MASK] [MASK] the fall in American [MASK] [MASK] and the implications of [MASK] fall for the value of the structured finance securities [MASK]"
"Some 1.02 [MASK] babies are stillborn and another 904,000 die soon [MASK] birth [MASK]"
Unemployment [MASK] for [MASK] [MASK] is probably some way off its peak .
"But [MASK] court , [MASK] it [MASK] impossible to generalize [MASK] [MASK] smokers chose light cigarettes , ruled that the group could not [MASK] treated as [MASK] class ."
"[MASK] I began [MASK] from one place [MASK] [MASK] , to secure my life and [MASK] family 's life ."
They let Houston [MASK] a [MASK] despite the absence of [MASK] Ming .
""" [MASK] 's smart ."
"He said no evidence has been [MASK] that Provost , who was gay [MASK] [MASK] [MASK] because [MASK] his sexual orientation ."
Still [MASK] [MASK] 90-minute [MASK] did little [MASK] change the dynamics of [MASK] race [MASK] which Gilmore has struggled to remain competitive with Warner in opinion polls [MASK] fundraising .
"This [MASK] particularly [MASK] with Ron Linden [MASK] a painter [MASK] [MASK] director and educator in the Los [MASK] Harbor area , whose [MASK] was selected by the critic and painter Peter [MASK] ."
[MASK] Brutus leads [MASK] pack of at least 12 adults and [MASK] to 12 [MASK] .
Sopel opened the scoring [MASK] : 49 in after [MASK] off [MASK] pass by Minnesota defenseman Brent Burns [MASK]
"[MASK] investigative judge can hold [MASK] , question [MASK] and defendants , subpoena documents [MASK] determine whether evidence is [MASK] [MASK] [MASK] assign new investigators to look into the case ."
"The [MASK] [MASK] being held [MASK] the Gospel Literature Outreach Centre in Motherwell , heard Mrs West [MASK] on duty at the [MASK] on [MASK] [MASK] before the blaze ."
"Massa , [MASK] spun at least five times [MASK] [MASK] [MASK] , was last of the [MASK] finishers and failed to pick [MASK] a point ."
"Within maintenance , provision for [MASK] [MASK] tends to be [MASK] as even more [MASK] on [MASK] cake -- [MASK] invest in snowploughs [MASK] heaters to stop [MASK] points freezing when they might only be [MASK] for a few days [MASK] year ?"
The guild 's next move [MASK] be [MASK] by history .
"It charts their ebb and [MASK] , broken down by regions and states [MASK] will then notify the [MASK] [MASK] Disease [MASK] and Prevention ( CDC ) [MASK] the US [MASK]"
"Daisuke Matsuzaka , [MASK] [MASK] and these Boston [MASK] Sox are taking [MASK] sweet streak into the World Series [MASK] too ."
What [MASK] do you notice between French and [MASK] attitudes with [MASK] ?
"But , [MASK] [MASK] , his hands were tied ."
""" Literally , "" [MASK] Mitchell , "" [MASK] all go and have [MASK] drink . [MASK]"
"His lawyer , [MASK] Sorkin , originally requested that Mr. Madoff be held at prison in the Northeast [MASK] but prison officials sent [MASK] [MASK] [MASK] [MASK]"
DALLAS ( Reuters ) - Veteran [MASK] [MASK] [MASK] Mike Modano has decided to return to the [MASK] [MASK] League for a [MASK] season after briefly [MASK] retirement .
"As a [MASK] , monks [MASK] the country had threatened [MASK] march from their [MASK] , to cut off contact with the military [MASK] [MASK] families , [MASK] [MASK] refuse alms from [MASK] - a humiliating [MASK] that would likely embarrass the [MASK] ."
""" [MASK] Liberty does prevail , either on one [MASK] the two separate pieces of [MASK] [MASK] that 's gonna have consequences , "" [MASK] [MASK] ."
""" Respected comrades ... you [MASK] fulfilled your task and I congratulate you , "" Medvedev , dressed in a [MASK] [MASK] [MASK] [MASK] told servicemen in bulky [MASK] uniforms in a clearing [MASK] the Plesetsk launch [MASK] [MASK]"
"[MASK] also make [MASK] 25 percent of workers in farming and 19 percent in [MASK] [MASK] . _ The 2007 [MASK] household income of [MASK] immigrants [MASK] $ 36,000 , compared with [MASK] 50,000 for U.S.-born residents [MASK]"
"[MASK] [MASK] [MASK] a leading global provider of in-home movie and game entertainment , with over [MASK] [MASK] throughout [MASK] Americas , Europe , Asia [MASK] Australia ."
The one move [MASK] can be [MASK] right away is to [MASK] [MASK] [MASK] of near-zero policy rates to an end .
In early 2006 [MASK] Esaias [MASK] to look for patterns .
"Friday 's accident , in which the [MASK] 's [MASK] and boom [MASK] [MASK] crashed into a 23-story [MASK] building [MASK] 91st Street , was the second fatal [MASK] accident in [MASK] [MASK] in ten weeks ."
SAN [MASK] ( AP ) - Naked mole rats are no ordinary [MASK] mice [MASK]
While [MASK] [MASK] indisputably upscale [MASK] some [MASK] that Volvo was not as exclusive a brand as Mercedes [MASK] BMW .
"If you ask for the price [MASK] [MASK] pint of beer a week , it makes no difference [MASK] you [MASK] one more [MASK] one [MASK] . [MASK]"
Stuart Broad [MASK] not need reminding of the man who hit him for six sixes in [MASK] over in [MASK] [MASK] the World [MASK] championships [MASK]
"Some patients were left in pain [MASK] needing [MASK] toilet , [MASK] [MASK] soiled bedding [MASK] [MASK] hours at a time and were not given their regular [MASK] , the investigation found [MASK]"
