smiles,smiles_masked
CC(C)N(CCC#N)C(=O)c1cccc(-n2cnnn2)c1,<s><mask>(C<mask>N(CCC#<mask>)C(=O)c1cccc(-n2<mask>2)<mask>1</s>
COc1ccc(COCCCC(=O)Nc2cc(F)c(OC)c(F)c2)cc1,<s>COc1ccc<mask><mask>(=O<mask>Nc2cc(F)c(OC)c(F<mask>c<mask>)cc1</s>
Cc1cc(C)cc(N(C)C(=O)N[C@H]2C=C[C@@H](C(=O)[O-])C2)c1,<s>Cc<mask><mask>(C<mask>cc(N(C)C<mask>O)N[C@H]2C=C[<mask>@@H](C(=O<mask>O-])<mask>2)<mask>1</s>
COCc1ccccc1C[NH2+][C@H]1CCO[C@@]2(CCOC2)C1,<s><mask>1ccccc1C[NH<mask>+][C@H]1CCO[<mask><mask>2<mask>CCOC2)C1</s>
O=C([O-])c1cccc(Oc2ncnc3c2CCCCC3)c1,<s>O=C([O-])<mask><mask>cccc(Oc2ncnc<mask>c2CCCCC<mask>)c1</s>
C[C@@H](/C([O-])=N/c1ccccc1F)N1CCC([C@@H](O)c2nccn2C)CC1,<s><mask>[C@@H](/C([<mask>-])=<mask>/c1ccccc1F<mask>N1CCC([C@@H](O<mask><mask>2nccn2<mask>)CC1</s>
C#CCOCC1CCN(C(=O)CCC2CCCCC2)CC1,<s>C#CCOCC1<mask>(<mask>(=O)CCC2<mask>2)CC1</s>
CN(C)c1[nH+]cccc1CN1CCc2nc(-c3cnccn3)[nH]c(=O)c2CC1,<s>CN(<mask><mask>c1[nH+]cccc1<mask><mask>CCc2nc(-c3cnccn3<mask>nH]c(=O)c2<mask>1</s>
CCNC(=O)c1ccc(NS(=O)(=O)C[C@H](C)c2ccccc2)cc1,<s>CCNC(=O)c1ccc(<mask>(=O<mask>O)C[C@H<mask>C)c2ccccc<mask>)<mask>1</s>
Cc1cc(C[NH+]2CCO[C@@]3(CCc4ccccc43)C2)ccc1-n1cncn1,<s>Cc<mask>cc<mask>C[NH+]2CCO[C<mask>3<mask>CCc4<mask>43)C2)<mask>1-n1cncn1</s>
CNS(=O)(=O)c1cc(NC(=O)CSc2cccc(C)c2)ccc1C,<s>CNS(=<mask>)(=O)c1cc<mask>NC(=O)CSc2cccc<mask>C<mask><mask>2)ccc1C</s>
C[C@@H]([NH2+][C@H](C)c1nnc2ccccn12)c1ccccc1N(C)C,<s>C[C@@H]([<mask>2+][C@<mask>](C)c1nnc<mask>ccccn12)<mask>1ccccc1N<mask><mask>)C</s>
CCOc1ccccc1NC(=O)C1=C(C)Nc2nnnn2[C@H]1c1cc(Br)ccc1OCC,<s>CCOc1<mask>1<mask>(=O)C<mask>=C(C<mask>Nc2nnnn2[C@H]<mask>c1cc(Br)ccc<mask>OCC</s>
[NH-]S(=O)(=O)c1cnc(N2CCN([C@H]3C[C@H]4CC[C@@H]3C4)CC2)s1,<s>[NH-]S(=O<mask>O)c<mask>cnc(N<mask>CCN([<mask>@H]3C<mask><mask>@H]4<mask>[C@@H]3C4<mask>CC2)s1</s>
CC(C)n1cc([C@H](C)N[C@H]2CC[NH+](C)[C@@H]2c2ccc(F)cc2)cn1,<s>CC(C)<mask>1cc([C@<mask>](C<mask>N<mask>C<mask>H]2CC<mask>NH+](C)[C@@H]2c2<mask>(F)<mask>2)cn1</s>
CC[NH+]1CCN([C@H](C)CNC(=O)Cc2ccc(-n3cccn3)cc2)CC1,<s>CC[NH+]1<mask>([C<mask>H](C<mask>CNC<mask>O)Cc2ccc<mask>n<mask>cccn3)cc2)CC1</s>
C[NH+]1CCO[C@@H](C(=O)N2CCN(CC(=O)Nc3ccccc3)CC2)C1,<s>C<mask>NH+]1CCO[C@@H](C(=O<mask>N2CCN(CC<mask>O)Nc<mask>ccccc<mask>)CC<mask>)C1</s>
CCCCNC(=O)Nc1cc(C#N)ccc1Cl,<s><mask>(=O<mask>Nc1cc(C#N)ccc<mask>Cl</s>
COCCNc1ccc(-c2noc([C@@H]3CCC[NH+]3Cc3ccc(C#N)cc3)n2)c[nH+]1,<s>COCCNc1ccc(-<mask>2<mask>([C@@H]3<mask>[NH+]<mask>Cc3<mask>(C#N<mask>cc3)n2)c[nH+]<mask></s>
COCC1(C(=O)NCc2cccnc2N(C)C)CCC1,<s>COCC1(C(=O)NCc2cccnc2N<mask>C<mask><mask>)CCC1</s>
Cc1cc(NC(=O)c2ccc(C(C)C)cc2)ccn1,<s>Cc1cc(<mask>(=O<mask><mask>2ccc(C(C)C<mask>cc2)ccn1</s>
C#CCCOc1ccc(C[NH+]2CCN([C@@H](C)C(=O)NC3CCCC3)CC2)cc1,<s>C#CCCOc1ccc(C[NH+]2<mask><mask>C@@H<mask>C<mask>C(=O)NC3CCCC3<mask><mask>2)cc1</s>
c1nc([C@@H]2CCCO2)sc1-c1nc([C@H]2CCOC2)no1,<s>c1<mask>([<mask>@@H<mask>2CCCO2)sc1-<mask><mask>nc([C@H]2CCOC2)no1</s>
C[NH+]1[C@H]2CC[C@@H]1CN(C(=O)N[C@@H]1CC[NH+](CC3CCCC3)C1)CC2,<s>C[NH<mask><mask>[C<mask>H<mask><mask>CC[C@@H]1CN(C(=O)<mask>[C<mask>H]1CC[NH+](CC3CCCC<mask>)<mask>1)CC2</s>
Cc1nc(-c2cccs2)sc1C(=O)NC1CC1,<s>Cc1nc(-c2cccs2)sc1C<mask>O<mask>NC<mask>CC1</s>
CC(C)CC[C@@H](C)NC(=O)NC[C@@H]1C[NH+]2CCCC[C@@H]2CO1,<s><mask>(C<mask>CC[C<mask>H](C)NC(=O)<mask><mask>C@@H<mask>1C[NH+]2CCCC[C@@H]2<mask>1</s>
CCCCNS(=O)(=O)c1cccc([N-]S(=O)(=O)c2ccc(C(F)(F)F)cc2)c1,<s><mask>(=O)(=O)c1cccc([<mask>-]S(=O)(=O)<mask>2ccc(C<mask>F)(F<mask><mask><mask>cc2)c1</s>
C[C@](O)(CNC(=O)CCCc1ccccn1)c1ccc(F)cc1,<s>C[C<mask>O<mask>CNC(=<mask>)CCCc1ccccn1)c<mask>ccc(F)cc1</s>
COCCCOc1cccc(CN[C@H](C)[C@H]2C[NH+](C)CCO2)c1,<s>COCCCOc1cccc(CN[C@H<mask>C)[C@H]<mask>C[NH<mask>C)CCO2)<mask><mask></s>
CCN(CC)CC[C@H]([NH3+])C[C@@H]1OCCc2ccccc21,<s>CCN(CC)<mask>[<mask>@H]([NH<mask>+])C[C@@H]<mask>OCCc2ccccc21</s>
O=C(CSc1nnc(NC2CCCCC2)s1)Nc1nccs1,<s><mask>=C(CSc<mask>nnc(NC2CCCCC2)s1)<mask><mask>nccs1</s>
CN(C)C(=O)[C@@H]1CC[C@H](CNc2cc(Cl)ccc2C#N)O1,<s><mask>(C<mask>C(=O)[C@@H<mask>1CC[C@H](CNc<mask>cc(Cl)ccc<mask>C#N)<mask>1</s>
Cc1ccc(N(Cc2ccccc2)C(=O)c2ccc(S(=O)(=O)N3C[C@H](C)O[C@H](C)C3)cc2)cc1,<s>Cc1ccc<mask><mask><mask>Cc2ccccc2)C(=O)<mask>2ccc(<mask>(=O)(=O)N3C[C@<mask>](C<mask>O<mask>C@H](C)C3<mask>cc2)<mask>1</s>
O=c1[nH]c([O-])c([C@@H]2[NH2+]CCC3=c4ccccc4=[NH+][C@H]32)c(=O)n1CCc1ccc(F)cc1,<s>O=c1[nH]c<mask>O<mask>c([C@@H<mask>2[NH2+]CCC3=c4ccccc4=[<mask>+][C<mask>H<mask>32)<mask>(=O)<mask>1CCc1ccc(F<mask><mask>1</s>
C[C@H](C(=O)N(C)C1CCCCC1)N1CCN(S(=O)(=O)c2cccc(Br)c2)CC1,<s>C[C@H](C(=O)N(<mask><mask>C1CCCCC1)<mask>1CCN(<mask>(=<mask>)(=<mask><mask>c2cccc(Br<mask>c2)CC1</s>
CCCn1c2c(c(=O)n(C)c1=O)[C@H](c1ccc(CC)cc1)C1=C(COC1=O)N2,<s>CCCn<mask>c2<mask>(c<mask>O)n(C)<mask><mask>=O)[C@<mask>](c1ccc(CC<mask>cc1)C<mask>=C(COC1=O)N2</s>
C[C@H](NCc1cccc(N(C)C)c1)c1nc2c(s1)CCCC2,<s><mask>[C@H](NCc<mask>cccc(N(C)C)c<mask><mask>c1nc2c(s1<mask>CCCC<mask></s>
C[C@@H](NC(=O)CCS(=O)(=O)c1ccc(Cl)cc1)C1CCCCC1,<s>C<mask><mask>@@H](NC<mask>O)CCS(=O)(=O)c1ccc(<mask>)<mask>1)C1CCCCC1</s>
CCc1cc(C(F)(F)F)n2nc([C@H]3CCCCN3C(=O)Cn3nc(C)c(C)c3C)cc2n1,<s>CCc1<mask>(<mask>(F)(F)F)n<mask>nc<mask>C<mask>H]3<mask>3C(=O)Cn3nc(<mask><mask>c(C)c3C)cc2n<mask></s>
C#Cc1cccc(NC(=O)CNC(=O)NC[C@@H]2CC[NH+](C3CC3)C2)c1,<s>C#Cc1cccc(NC(=<mask>)CNC(=O)NC<mask>C@@H]2CC[NH+](<mask>3CC3)<mask><mask><mask>c<mask></s>
Cc1ccc(C)n1NC[C@H](O)COCCCC(C)C,<s>Cc1ccc<mask>C)<mask>1NC[C@H<mask>O)COCCCC(<mask>)C</s>
Cc1cccc(C(NC(=O)N(C)[C@@H](C)c2ccncc2)c2cccc(C)c2)c1,<s>Cc1cccc(C(NC(=O)N(C)[C@@H](C)c2<mask><mask>)c<mask><mask>(<mask>)c2<mask>c<mask></s>
CCc1cc([O-])nc(-c2ccc(N[C@@H](COC)c3ccccc3)nc2)n1,<s>CCc<mask>cc<mask>O-])nc(-c2ccc(N[C@@H](COC)<mask><mask>ccccc3)nc2<mask>n<mask></s>
O=C(NC[C@]1(CCO)CCOC1)c1ccc(-n2ccnn2)cc1,<s>O=C<mask>NC[C@]1(<mask>)<mask>1)c1ccc(-n2ccnn2<mask>cc<mask></s>
CC1CCN(Cc2nnc(-c3cn(CC(=O)NC4CC4)c4ccccc34)o2)CC1,<s>CC1CCN(<mask>2<mask><mask>c3cn(CC(=<mask>)NC<mask>CC4)c4ccccc34)o2)<mask>1</s>
COc1cccc(-c2nnc(SCC(=O)Nc3c(C)cc(C)cc3C)n2Cc2ccco2)c1,<s>COc1<mask>(-c2nnc<mask>SCC(=O<mask>Nc3c(C<mask>cc(C)cc3C)n<mask>Cc<mask>ccco2)c<mask></s>
O=C([O-])[C@@]1([NH2+]C2CC2)CC[C@@H]([NH+]2CCO[C@@H]3CCC[C@H]32)C1,<s><mask>=C<mask>O<mask><mask>@@]1([NH2+]C2<mask>2)CC[C@@H]([NH+]2CCO<mask>C@@H]3<mask><mask>C@H]32)C1</s>
COc1ccc(-c2cc(=O)oc3c(C)c4c(cc23)C[NH+](Cc2cccnc2)CO4)cc1,<s>COc1ccc(-c2cc(=O)<mask>3c<mask>C)c4c(cc23)C[<mask><mask>Cc<mask>cccnc<mask><mask>CO4)cc1</s>
COc1ccccc1NC(=O)[C@@H]1[C@H](C)Nc2ncnn2[C@@H]1c1ccc(OCC(N)=O)c(OC)c1,<s><mask>1ccccc<mask>NC(=O)[C@@<mask>]1[C@<mask>](<mask>)Nc2ncnn2<mask>C@@<mask>]<mask>c1ccc(OCC(N)=O)c(OC<mask>c1</s>
CCC[C@@H](COC)n1c(N)[nH+]c2cc(Cl)c(Cl)cc21,<s>CCC[C@@H](COC)n1c(N)[nH+]c<mask>cc(Cl<mask><mask><mask>Cl<mask>cc21</s>
C[C@@H](C(=O)Nc1ccc(OCc2ccccc2)cc1)[NH+]1CCCC1,<s>C[C@@<mask>](<mask>(=O<mask>Nc1ccc(OCc<mask>ccccc2)cc1)[<mask>+]1CCCC1</s>
CN(C)C(=O)[C@@H]1CN(Cc2csc(-c3ccccc3)n2)CC[NH2+]1,<s>CN<mask>C<mask>C(=O)[C@@H]1<mask>(Cc2<mask><mask>c3ccccc3<mask>n2)CC[NH2+]1</s>
Cc1cc(S(=O)(=O)N2CCN(C(=O)CC3CCCC3)CC2)c(C)s1,<s>Cc<mask>cc(S(=O)(=O)N2CCN(C<mask><mask>)<mask>3<mask>3)CC2)c(C)<mask>1</s>
Cc1cc(C)n2c(SCc3cc(Cl)c4c(c3)OCCO4)nnc2n1,<s>Cc<mask>cc(C<mask>n2c(SCc3cc(Cl)<mask>4c(c3)OCCO4)nnc<mask><mask><mask></s>
CCN[C@@H](Cc1ccc(Cl)cc1Cl)c1ncc(Cl)cc1Cl,<s>CCN[<mask>@@H<mask>Cc<mask>ccc(Cl)cc1Cl)c1ncc<mask>Cl<mask>cc1Cl</s>
CCc1cccc(C)c1NC(=O)c1nn(-c2ccc(C)cc2)c2c1CCC2,<s>CCc1cccc<mask>C)c<mask>NC(=O)<mask>1nn(-c2<mask>(C)cc2)c2<mask><mask>CCC2</s>
CCC(=O)N1CCC[C@@H]1[C@@H]1CCC[NH+]1CCOc1ccccc1F,<s>CCC<mask><mask>)N1CCC[C@@H]1<mask>C@@H]1<mask>[<mask>+]1CCOc1ccccc1F</s>
O=C1O[C@H](Cc2ccccn2)C(=O)C1=C1NCCCN1,<s>O=C1O[<mask>@<mask>](<mask>2ccccn2)C<mask>O<mask>C1=C1NCCCN1</s>
COC(=O)C(C)(C)[C@@H]1CCCN(CC(=O)Nc2cccc(Cl)c2C)C1,<s>COC(=O)<mask>(C)(<mask>)[C@@<mask>]1<mask>(CC(=O<mask><mask>2cccc(Cl)c2C)C1</s>
O[C@@H]1C[NH+](Cc2ccccc2)CC[C@@H]1C[NH2+]C1CC1,<s><mask>[<mask>@@H]1C[NH<mask>Cc2ccccc<mask>)CC[C<mask>H]1C<mask>NH2+]C1CC1</s>
CCCCCn1ccc2cc3ccn(CC[NH+]4CCOCC4)c(=O)c3cc2c1=O,<s>CCCCCn1<mask><mask>cc3ccn(CC[NH+]4CCOCC<mask>)c(=<mask><mask>c3cc2c1=O</s>
O=C(c1ccc(Cn2c(=O)c([O-])nc3cccnc32)cc1)N1CCN(C(=O)c2ccco2)CC1,<s>O=C(<mask>1ccc(<mask>2c(=O<mask>c<mask><mask>-])nc3cccnc32<mask>cc1)N1CCN(C(=<mask>)<mask>2ccco2)CC1</s>
COc1ccc([C@@H]2[C@H](C(=O)N3CCC[C@@H](C)C3)CCC(=O)N2c2cc(OC)c(OC)c(OC)c2)cc1,<s><mask>1ccc([C@@H]2[<mask>@H](C(=O)<mask><mask>CCC[C<mask>H](C)<mask>3)CCC(=<mask><mask>N2c2<mask>(<mask>)c(<mask>)c(OC)c2)cc1</s>
CC(C)Oc1ccc(CCNC(=O)N[C@H](C)c2ccncc2)cc1,<s>CC(C<mask>Oc1ccc(CCNC<mask>O)N[C@H<mask>C)c<mask>ccncc2)cc<mask></s>
COc1c(C)cnc(C[NH+]2CCC[C@@H]2c2c(C)n[nH]c2C)c1C,<s>COc1c(C)<mask><mask><mask><mask>NH+]2CCC[C<mask><mask>]2c2c(C)n[nH]c2<mask>)c1C</s>
CCCc1nnc(Cl)n1CC1C(C)(C)C1(C)C,<s>CCCc1nnc(Cl)<mask>1CC1<mask>(C)(C)C1(<mask>)<mask></s>
C[C@@H]1CCCC[C@H]1Nc1ccc(S(N)(=O)=O)c(N)c1,<s>C<mask>C@@H]1CCCC<mask>C@H]1Nc<mask><mask>(S(N)(=O)=O)c<mask>N)c<mask></s>
C[C@@H](CNC(=O)N1CCC(c2nc3ccccc3[nH]2)CC1)c1ccsc1,<s>C<mask>C@@H<mask>CNC(=<mask>)N1CCC<mask>c2nc3ccccc3<mask>nH]2)CC<mask>)c1ccsc1</s>
CCOC(=O)c1c(NC(=O)c2c(F)cccc2Cl)sc(C)c1CC,<s><mask>(=O)<mask>1c(NC(=<mask>)c2c(F)cccc2<mask>)sc(<mask>)c1CC</s>
C[C@H]1CCN(C(=O)Nc2ccc(F)cc2C#N)[C@@H](C)C1,<s>C[C@H]1CCN(C<mask>O)Nc<mask>ccc<mask><mask>)cc2C<mask><mask>)[C@@H](C)C1</s>
Cc1coc(C)c1C(=O)C[C@]1(O)C(=O)N(Cc2cccs2)c2ccccc21,<s><mask>1coc(<mask>)c<mask>C(=O)C[C@]1(O)C(=<mask>)N(Cc<mask><mask>2<mask>c2ccccc21</s>
O=C(Nc1cc(-c2ccco2)ccc1F)c1sccc1C1CC1,<s>O<mask>C(<mask>1cc(-c2ccco<mask>)ccc1F)<mask><mask>sccc1C1CC1</s>
CN(CCOCC1CC1)C(=O)Nc1ccn(CC[NH+](C)C)n1,<s>CN<mask>CCOCC1<mask>1)C(=<mask>)Nc1<mask>(CC[<mask>+](C)C)n1</s>
CC[C@H](C)C[NH2+]C[C@@H]1C[C@H](C)[NH+](Cc2ccccc2)C1,<s>CC[<mask>@H](<mask>)C[NH<mask>+]<mask>[<mask>@@H]1C[<mask><mask>H](C)[NH+](Cc2ccccc2)C1</s>
CCCCOc1cccc(CNC(=O)c2cnc([C@H]3CCCO3)s2)c1,<s>CCCCOc1cccc(CNC(=O)c2cnc([C<mask>H]3<mask>3<mask>s2)<mask><mask></s>
O=C1CCc2cc(S(=O)(=O)Nc3cc(-c4nnc5n4CCCCC5)c(F)cc3F)ccc2N1,<s>O<mask>C1CCc2cc(S<mask><mask><mask>O)Nc<mask>cc(-c4nnc5n4CCCCC5<mask>c(F)cc3F)<mask>2N1</s>
CCCN(Cc1cc[nH+]cc1)C(=O)c1c[nH]c(=O)cn1,<s>CCCN(Cc1cc[nH+]cc1<mask>C(=<mask>)c1c[nH]<mask>(=<mask>)<mask>1</s>
C[C@@H]1CN(C[C@@H]2Cc3ccccc3S2)CCCO1,<s>C[C@@H<mask>1<mask><mask>C[C@@H]2Cc3ccccc3S2<mask><mask>1</s>
Cc1cc(CN(C)Cc2ccc([S@@](C)=O)cc2)c(C)o1,<s>Cc<mask>cc<mask>CN(C<mask>Cc2ccc([<mask>@@](C<mask>O)cc2)c(C)o1</s>
C[C@@H](NCCc1nc(-c2ccccn2)cs1)c1cnc2ccsc2c1,<s>C[C@@H](<mask>1nc<mask>c<mask>ccccn2<mask>cs1)c1cnc2ccsc2c<mask></s>
CC[C@H](CO)N1CC[NH+](CCOCCOC)CC1,<s><mask>[C@H](CO<mask>N1CC[NH+](CCOCCOC)CC<mask></s>
COc1ccccc1NC(=O)CNC(=O)CC12CC3CC(CC(C3)C1)C2,<s>COc1ccccc1NC(=<mask>)<mask>(=<mask>)<mask>12CC3CC(CC(C<mask>)C1)C2</s>
CC(C)C(=O)Nc1ccc(OC2CCCC2)cc1,<s>CC(<mask>)C(=O)<mask>1ccc<mask>OC2CCCC2)cc1</s>
COc1ccccc1OCc1nc(-c2ccc(-n3cccc3)cc2)no1,<s>COc1ccccc1OCc1nc(-c2ccc(-<mask>3cccc3<mask>cc2)<mask><mask></s>
O=C(NCC(C1CC1)C1CC1)C1(c2ccc(F)cc2)CC1,<s><mask>=C<mask>NCC(C1<mask>1<mask>C1CC1)C<mask>(c2ccc(F)cc<mask>)CC1</s>
C[C@H](Oc1ccccc1F)C(=O)N(Cc1ccco1)Cc1ccc(N2CCCCC2)o1,<s>C[<mask><mask>H](Oc1ccccc1F<mask>C<mask>O)<mask>(Cc<mask>ccco1)Cc1ccc(N2CCCCC2)o1</s>
COCc1nnc(SCC(=O)Nc2ccc(C)cc2Br)n1-c1ccccc1,<s>COCc1nnc(SCC(=O)Nc2<mask><mask>C<mask>cc2Br)n<mask>-c1<mask>1</s>
CC[C@H](NC(=O)c1ccn(-c2cccc(Cl)c2)n1)C(=O)OC,<s>CC[C<mask>H](<mask>(=<mask>)c1<mask>(-c2<mask>(<mask>)c2)n1)C(=O)OC</s>
COc1ccc(C)cc1N(CC(=O)N(C)c1ccccc1)S(=O)(=O)c1ccccc1,<s><mask>1<mask>(C)cc1N(CC(=O)N(<mask><mask>c1ccccc1)S(=<mask>)(=<mask>)c1ccccc1</s>
CCCCC(=O)N[C@@H](C)c1cc2ccccc2o1,<s>CCCCC(=<mask>)N[<mask>@@H](C<mask>c<mask>cc2ccccc2o1</s>
CC(C)(Oc1ccc(Cl)cc1)C(=O)N(Cc1cccnc1)c1nc2ccc(Cl)cc2s1,<s>CC(C)(Oc1ccc<mask>Cl)cc1)<mask>(=O)N(<mask><mask><mask>1)c1nc2ccc(Cl)<mask>2s<mask></s>
Cc1ccc(NC(=O)NC[C@@H](c2ccc(N(C)C)cc2)N2CCN(c3ccccc3)CC2)cc1C,<s>Cc1ccc(NC(=O)<mask>[C@@<mask>](c2ccc(<mask>(<mask>)C)<mask><mask><mask>N2CCN(c3ccccc3<mask>CC2)cc1C</s>
COc1ccccc1Cn1c([C@H]2CC(=O)N(c3ccc(Cl)cc3)C2)[nH+]c2ccccc21,<s><mask>1ccccc1Cn1<mask>([C@H<mask>2CC(=O)N<mask><mask>3ccc(Cl)<mask>3)C2)[nH+]c2<mask>21</s>
CC(C)OC(=O)[C@@H]1CC=CC[C@@H]1C(=O)Nc1sc2c(c1C#N)CCCC2,<s>CC(C)OC(=O)[C@@H]1<mask>=CC[C@@H<mask>1C(=O)Nc<mask><mask><mask>c(<mask>1C<mask>N<mask>CCCC2</s>
CCOC(=O)CCN(Cc1ccc[nH+]c1)C(=O)c1ccccc1OC,<s>CCOC(=O)CCN<mask>Cc1ccc[nH+]c1)<mask>(=O)c1<mask>1<mask></s>
Cc1ccc([C@@H](C(=O)[O-])[NH+](C)Cc2ccccn2)c(-n2cccn2)c1,<s>Cc1ccc([C<mask>H](C<mask>O)[O-])[NH+](<mask>)Cc<mask><mask><mask>)c(-n2cccn2)c1</s>
CC[NH+](CC)CCC[C@H](C)NC(=O)c1ccccc1OC(F)F,<s>CC[<mask>+](CC)CCC<mask>C@<mask>](C)NC(=O)c1ccccc1OC(<mask>)<mask></s>
CCCc1ccc(C[NH+]2CCN3C(=O)CN(C)C(=O)[C@H]3C2)o1,<s><mask>1ccc(<mask>[<mask>+]2CCN3C(=O<mask>CN(C)<mask>(=O)[C@<mask>]3C2)o1</s>
CC(C)(C(=O)N[C@H]1[C@H]2CCO[C@@H]2C1(C)C)c1cccc(F)c1,<s>CC(<mask>)(<mask>(=O)N[C@<mask>]1<mask>C@H]2CCO[C@@H<mask>2C<mask><mask>C)C)c1cccc(<mask>)c1</s>
COc1ccc(CN(C)C(=O)C[NH+]2CCN(C(=O)c3cccs3)CC2)cc1,<s>COc1ccc(<mask>(C<mask>C(=O)<mask>[NH+]2CCN(C<mask>O)c<mask>cccs3)CC2)<mask>1</s>
C[C@H]([NH2+]C[C@@H]1C[NH+]2CCCC[C@@H]2CO1)c1cccc(C(F)(F)F)c1,<s><mask>[C<mask>H]([<mask>2+]C[<mask>@@H<mask>1C[NH+]2CCCC[C@@H]<mask>CO<mask>)c1<mask>(C(F)(F)F)c<mask></s>
CN(C)c1nc(N2CCN(C)[C@@]3(CCNC(=O)CC3)C2)c2c([nH+]1)CCCC2,<s>CN(C)c1nc<mask><mask>2CCN(C)[C<mask>3(CCNC(=<mask>)CC3)C2)c<mask>c([nH+]<mask><mask>CCCC2</s>
CC(C)(C)c1ccc(OCCNC(=O)c2ccccc2NS(C)(=O)=O)cc1,<s>CC(C)(C)c1ccc(OCCNC(=O)<mask>2ccccc2NS<mask>C)(=O<mask><mask>)<mask>1</s>
CCC[NH+]1CCC([C@H](C)[NH2+]CCc2ccc(F)cc2)CC1,<s>CCC[NH+]1CCC([C@H](C)[<mask><mask>+]<mask><mask>ccc(F)cc2)CC<mask></s>
C[C@@H]1CCCN(C(=O)C2CCN(Cc3cnn(-c4ccc(F)cc4)c3)CC2)C1,<s>C[C@@H]1CCCN(C<mask>O)C2<mask><mask><mask>3cnn(-c4ccc(F)cc<mask>)<mask><mask>)CC2)C1</s>
NC(=[NH2+])C[C@H](c1ccccc1)N1CC[NH+]2CCCC[C@@H]2C1,<s>NC(=[<mask>2+])C[C<mask><mask>](c1ccccc<mask><mask>N1CC[NH+]<mask>CCCC[C@@H]2C1</s>
C[NH+](C)[C@H]1CCN(c2nncc(-c3ccc(C4CCCCC4)cc3)n2)C1,<s>C[NH+](C)[C@H]<mask>CCN(c2<mask>(-<mask>3ccc(<mask>4CCCCC4)cc3<mask>n2)<mask>1</s>
O=C(CC(F)(F)F)Nc1cccc[nH+]1,<s>O=<mask>(<mask>(F)(F)F)Nc1cccc[nH<mask>1</s>
CCOc1ccc(O[C@@H](C)C(=O)N2CCC[C@H]([C@@H]3C[C@H](C(F)F)n4ncnc4N3)C2)cc1,<s>CCOc1ccc(<mask>[C@@H<mask>C)C<mask><mask>)N2CCC[C<mask>H]([<mask>@@<mask>]3C[C@H](C(F)F)n4ncnc<mask><mask>3)<mask>2)cc1</s>
CC1(C)CC[C@@H]([NH+]2CCO[C@H]3CCCC[C@@H]32)[C@@H]1O,<s>CC1(<mask>)CC<mask>C@@H]([NH+]<mask>CCO[C@H]3CCCC[C@@H<mask>32)[<mask>@@H<mask>1<mask></s>
CC(C)NC(=O)[C@H]1CCC[C@@H](Nc2cc(-n3cccn3)nc(N)n2)C1,<s><mask><mask>C)NC(=O)[C<mask>H]1CCC[C@@H](Nc2cc<mask>n<mask>cccn3)nc(<mask>)n2)C<mask></s>
CCN(CC)C(=O)[C@H]([NH2+]C1CCCC1)c1ccccc1,<s>CCN(CC)C(=O)[C@H]([<mask><mask>+]C1<mask>1)c1ccccc<mask></s>
CC(C)(C)c1nnc(N2CCC(CN3CCCC3=O)CC2)o1,<s>CC(C)(C)c<mask>nnc(N2CCC(CN3CCCC<mask>=<mask>)CC2<mask>o<mask></s>
COc1cccc(C(=O)NCCNC(=O)c2ccccc2Cl)c1O,<s>COc1cccc(C(=O<mask><mask>(=O)c<mask>ccccc<mask>Cl)c1O</s>
Cc1c(C(=O)N2CCC[C@@H]2C[NH+]2CCCCC2)cnn1-c1ccncc1,<s><mask>1c(C(=O)N2<mask>[<mask>@@H]2C[NH+]<mask>CCCCC2)cnn1<mask>c1ccncc<mask></s>
O=C(N[C@@H]1CCC[C@H]1c1ccccc1C(F)(F)F)[C@@H]1CCOC1,<s>O<mask>C(N[C@@<mask>]<mask>CCC[C@H]1<mask>1ccccc1C(F<mask>F)F<mask>C@@H]1CCOC<mask></s>
CC(C)CCNC(=O)[C@@]1(C)CN(S(=O)(=O)c2ccccc2)CC(=O)N1CCc1cccs1,<s>CC<mask>C)CCNC<mask>O)[<mask>@@]1(C)CN(S(=O)(=O)c2ccccc2)<mask>(=<mask>)N1CCc<mask>cccs<mask></s>
COc1ccc(CCN2C(=O)c3oc4cc(C)c(C)cc4c(=O)c3[C@@H]2c2ccc(OCC(N)=O)cc2)cc1,<s>COc1ccc<mask>CCN2C(=O)c3oc<mask>cc(<mask><mask>c(<mask><mask>cc4<mask>(=O)c<mask>[C@@H]2c2ccc(OCC(N)=O)cc<mask><mask>cc1</s>
Cc1cc(-c2ccc(N)nc2)cc([C@@H]2CCCN(C(=O)C3CCCCC3)C2)[nH+]1,<s>Cc<mask>cc<mask>c<mask>ccc(N)nc2)cc([C<mask>H]2CCCN(C(=O)<mask>3CCCCC3<mask>C2<mask>nH+]1</s>
CC(C)c1nn2c3c(nnc2c1-c1cccc(Cl)c1)C(=O)CCC3,<s>CC(<mask>)c1nn<mask>c3c(nnc2c1-c1cccc<mask>Cl<mask>c<mask>)C(=O<mask>CCC3</s>
O=C(C1CC1)N1CCC(c2nc(NC3CC3)ncc2-c2ccncc2)CC1,<s><mask>=<mask>(C1<mask><mask>)N1CCC(c2nc(NC3CC3)ncc2<mask>c<mask>ccncc2)CC1</s>
C[C@H](NCCCN1CCCN(C)CC1)c1cccnc1,<s><mask>[C@<mask>](NCCCN<mask>CCCN(C)CC1)c1cccnc1</s>
CC(C)c1nc(CC(=O)N[C@H](C)c2cccc[nH+]2)cs1,<s>CC(C<mask><mask>1<mask>(CC(=O)N[C<mask>H](<mask>)c<mask>cccc[nH+]2)cs1</s>
CC1CCN(C(=O)CSc2nc(=O)n3ccccc3n2)CC1,<s>CC1CCN(C(=O)<mask>2nc<mask>O)<mask>3ccccc3n2)CC<mask></s>
COc1ccc(-n2c(SCCOc3cccc(C)c3)nnc2-c2ccncc2)cc1,<s>COc1ccc<mask>n<mask>c(SCCOc3cccc(C)c3)nnc2<mask>c2<mask><mask>)cc1</s>
COCCNC(=O)c1ccc2c(c1)CCCN2C(=O)c1ccc(Cl)cc1,<s>COCCNC(=O<mask>c<mask>ccc2c<mask>c1)CCCN2C(=O)c1ccc(Cl<mask>cc<mask></s>
N#Cc1ccccc1NC(=O)[C@H]1Cc2nc[nH]c2C[NH2+]1,<s><mask>#Cc1ccccc1NC(=O<mask>C@<mask>]1Cc2nc<mask>nH]<mask>2C[NH2+]1</s>
C[C@H]1Oc2c(C(=O)Nc3ccc(N4CCCC4=O)cc3)cccc2[C@H]1C,<s>C[C@<mask>]<mask><mask>2c(C<mask>O)<mask>3ccc(<mask>4CCCC4=O<mask>cc3)cccc2[C@H]1C</s>
CC(C)c1ccc(S(=O)(=O)N2CCN(Cn3c(=O)n(C)c4ccccc43)CC2)cc1,<s>CC(<mask>)<mask>1ccc(S(=O)(=O)N2CCN(Cn3c(=<mask><mask>n(C<mask>c4ccccc43)CC<mask>)<mask>1</s>
Cc1ccc(F)c(NC(=O)N[C@@H](C)[C@@H](C)CO)c1,<s><mask>1ccc(F)c(NC(=<mask>)N<mask>C<mask><mask>](C)[<mask>@@H](C)CO)c1</s>
C[C@H](CNC(=O)[C@@H](C)Sc1nc2ccccc2c(=O)n1C)c1ccccc1,<s>C[C@H](<mask>(=O)[C@@H](C)Sc1nc2<mask>2c<mask>O)<mask><mask><mask>)c1ccccc1</s>
COc1ccc(C[NH+]2CCC[C@H]2c2cnn(C)c2)cc1F,<s>COc1ccc(<mask><mask>NH+]2CCC[C@<mask><mask>2c2cnn(C)<mask>2)cc1F</s>
Cn1cc([C@@H]2CCCN2C(=O)[C@@H]2C[C@@H]2c2cccc(Cl)c2)cn1,<s>Cn1cc([C@@H]2CCCN2C(=O)[C@@<mask>]2C[C@@H]2<mask>2<mask><mask>Cl)<mask><mask>)<mask>1</s>
C[C@@H]1C[NH+](Cc2cccc(CNC(=O)C[C@H](O)c3ccccc3)c2)CCO1,<s>C[C@@H<mask>1C[NH+](Cc2cccc(<mask>(=<mask>)C<mask>C@H<mask>O)c<mask>ccccc3)c2)<mask>1</s>
Cc1cc(C(=O)N2CCC3(CCCO3)CC2)c2cnn(C(C)C)c2n1,<s><mask>1cc(C(=O)N2<mask>3(CCCO3<mask>CC2)c2cnn(C<mask>C)<mask>)<mask>2n1</s>
Cn1ncc(NC[C@@H]2CCO[C@H]2c2ccccc2)c(Cl)c1=O,<s>Cn1ncc(NC<mask><mask>@@H]<mask><mask>[C@<mask>]2c2ccccc2)c(<mask>)c1=O</s>
Cc1nc(C[NH2+][C@](C)(C(=O)[O-])C(F)(F)F)sc1C,<s>Cc1nc(C[NH2<mask>C<mask>C)(C(=O)[O-])<mask>(F<mask>F)F)<mask>1<mask></s>
C[C@H]([NH2+]CC1(C)CCCC1)c1ccc(F)cn1,<s><mask>[<mask>@H]([<mask>2+]CC1(C)CCCC1<mask><mask>1ccc(F)cn1</s>
CCN[C@H]1CCC[C@H]1N(C)Cc1cccc(C)n1,<s>CCN[C@H]1<mask>[C@H]<mask>N<mask>C<mask>Cc1cccc(C<mask>n1</s>
CC(C)c1cc(Br)ccc1OCC(=O)Nc1ccccc1C(=O)N1CCCCCC1,<s>CC(C)c1cc<mask>Br)ccc1OCC(=O<mask>Nc1ccccc1<mask>(=<mask>)<mask>1CCCCCC1</s>
Cn1c(NCCCOC2CCCCC2)nc2c1c(=O)[nH]c(=O)n2C,<s><mask>1c(NCCCOC2CCCCC2)nc2c1c<mask><mask>)[nH]c(=O<mask>n2<mask></s>
Cc1ccc(-c2cc(C(=O)Nc3cccc(C(F)(F)F)c3)no2)cc1C,<s>Cc1ccc(-c<mask>cc<mask>C(=O)<mask>3cccc(C(<mask>)(F)<mask>)c3)no2)<mask>1C</s>
O=C(C[S@@](=O)c1cccc(F)c1)c1ccc(Cl)c(Cl)c1,<s>O=C(C[S@@](=O<mask>c<mask>cccc(F<mask>c<mask><mask>c1<mask>(Cl)c(Cl)c1</s>
CC[C@H]1C[NH2+][C@H](CC)CN1C(=O)N1CCC[C@H](C)C1,<s>CC[C@H]1C[NH2+][C@<mask>](CC)CN1C<mask><mask>)N1CCC<mask>C@H<mask>C<mask><mask>1</s>
Cn1ncc2c(=O)n(Cc3ccc(C(C)(C)C)cc3)cnc21,<s>Cn1ncc<mask>c(=O<mask><mask><mask>Cc3ccc(C(C)(C)C)cc<mask>)cnc21</s>
CCn1cc(C(=O)N(C)Cc2c[nH+]c3ccccn23)c(C)n1,<s>CCn1cc<mask>C(=<mask>)N(<mask>)Cc2c[nH<mask>c3ccccn23)<mask>(C)n1</s>
CCc1ccc(OCc2nnc(SCC(=O)Nc3ccccc3C)n2CC)cc1,<s>CCc1ccc(OCc<mask><mask>(SCC(=O)Nc3ccccc3C)n2CC)<mask><mask></s>
CN(C)c1nc(N)nc(CN(CCC#N)CCC(F)(F)F)[nH+]1,<s>CN(C)c1nc(<mask>)nc(CN(CCC<mask>N)<mask>(F)(F<mask><mask>)[nH+]1</s>
O=C(CCc1ccccc1)N1CCC[NH+](Cc2c[nH]nc2-c2cccnc2)CC1,<s>O=C<mask>CCc1<mask>1)<mask>1CCC[NH+](Cc<mask>c[<mask>]nc2-c2<mask>2)CC1</s>
CCc1nn(C)cc1C[NH2+]C[C@H]1CC[NH+](C2CC2)C1,<s><mask>1nn(C<mask>cc<mask>C<mask>NH<mask>+]C[C@H]1CC[NH+](C2CC2)C<mask></s>
Cc1[nH+]cn([C@@H]2CCC[C@](N)(C(N)=O)C2)c1C,<s>Cc<mask>[nH<mask>cn([C<mask>H]2CCC[C@](N<mask>C(N)=<mask>)C<mask>)c1C</s>
CC(C)C[C@@H]([NH2+][C@@H]1CCCC[C@@H]1[C@@H]1CCCCN1)C(=O)[O-],<s><mask>(C)C[<mask>@@<mask>]([NH2+][C@@H]1<mask>[C@@H]1[C@@H]<mask><mask>1)C<mask>O)[<mask>-]</s>
CN1CC2(CCN(C(=O)NC3CCCC3)CC2)C[C@@H](c2ccccc2)C1=O,<s>CN<mask>CC2(<mask>(C<mask>O)NC3CCCC3)CC2)C[<mask>@@H](c2ccccc<mask>)<mask>1=O</s>
Cc1ccc(Cl)cc1N1CCN(C(=O)C2(c3cc(-c4ccccc4)on3)CC2)CC1,<s>Cc1<mask>(<mask>)cc<mask>N1CCN(C(=O)C2<mask>c3cc(-c4<mask>4)on3<mask><mask>2)CC1</s>
Cc1nc(CN2CCN(C)C[C@@H]2C)nc2ccccc12,<s>Cc<mask>nc(<mask>2CCN(C)C[C@@H]2C)nc<mask><mask>12</s>
Cc1cnc(C(=O)Nc2nccs2)cn1,<s>Cc1<mask>(C(=O)Nc<mask>nccs2<mask>cn1</s>
CC[C@@H](C)C(=O)[C@@H]1CCCC(=O)C1,<s>CC[<mask><mask>H](C<mask>C<mask>O)[C@@H]1CCCC(=O)C1</s>
CCC[C@@H]1C[C@@H]1NC(=O)Cc1csc(COc2ccc(Cl)cc2)n1,<s>CCC[C@@H]1C[C@@H<mask>1<mask>(=<mask>)Cc1csc(COc2<mask>(<mask>)cc2)<mask>1</s>
C[C@@H](CNc1ncccc1C#N)Sc1ccccc1,<s>C[C@@H](CNc1ncccc<mask>C#N<mask><mask>1ccccc1</s>
CCOc1cc(F)ccc1NC(=O)C1CCC(C[NH3+])CC1,<s>CCOc<mask>cc(F)ccc1NC<mask>O)C1CCC(C[<mask><mask>+])CC1</s>
COc1ccc(F)cc1NC(=O)c1cc2c([nH]c1=O)CCCC2,<s>COc1ccc<mask>F)<mask>1NC(=O)c1cc2c([nH<mask>c1=<mask><mask>CCCC2</s>
Cc1ccc(F)cc1S(=O)(=O)N1CC[NH+](C)[C@@]2(CCNC(=O)CC2)C1,<s>Cc1ccc(F<mask>cc<mask>S(=<mask>)(=O<mask>N1<mask><mask>NH+](C)[C@@]2(CCNC(=O)CC2<mask>C1</s>
NCCOCC(=O)Nc1ccc(-c2nccs2)cc1,<s><mask><mask><mask>)Nc1ccc(-c2nccs2)cc1</s>
C[NH+](C)[C@@H](CNC(=O)CCCn1ccnn1)c1ccccc1,<s>C[NH+](C)[C@@H](CNC(=O<mask><mask>1ccnn1)<mask>1ccccc<mask></s>
CC(C)COC[C@@H](NC(=O)CCn1cc[nH+]c1C(C)C)c1ccco1,<s>CC<mask>C)COC[C<mask>H<mask>NC(=O)CCn1cc[nH+]c1<mask>(C)C)c1<mask><mask></s>
C=CC[C@]1(CO)CCCN(S(=O)(=O)c2cc(C)ccc2OC)C1,<s>C=<mask>[C@]1(CO<mask>CCCN(S(=<mask>)(=O)c2cc<mask><mask>)ccc2OC<mask>C1</s>
CC1(C)CCC(C(=O)O)([C@H]2CCOC3(CCC3)C2)CC1,<s>CC1(C)CCC(<mask><mask>O)O)([C@H]2<mask>3<mask>CCC3)C<mask>)CC1</s>
CCOC(CNC(=O)[C@H]1CC=CC[C@@H]1C(=O)O)OCC,<s>CCOC(CNC<mask>O)[<mask>@H]1CC=<mask>[C@@H]1C<mask>O)O<mask>OCC</s>
Cc1cc([O-])c(C2=NN=C3C(=O)N(CCCO)[C@H](c4ccc(F)cc4)[C@H]32)cc1Cl,<s>Cc1cc<mask><mask>-])c(C<mask><mask>NN=C<mask>C(=<mask>)N(CCCO)[C@H](c4ccc(F)cc<mask>)[C@H]32<mask><mask>1Cl</s>
C[C@H](CNC(=O)Nc1ccc(F)cc1OCC1CC1)CN1CCOCC1,<s>C[C@H](CNC(=O<mask>Nc1ccc(F)cc1OCC<mask>CC1)<mask>1<mask><mask></s>
O=C(CN1CCOCC1)Nc1ccc(NC(=O)c2ccccc2-c2ccc(C(F)(F)F)cc2)cc1,<s>O=C(CN1CCOCC<mask>)Nc1ccc(NC(=O)c<mask><mask>2-c2ccc<mask>C(<mask><mask>F)F)cc2<mask>cc1</s>
C[C@@H](NC(=O)c1cccc(C#N)c1)c1ccc(F)c(F)c1,<s>C<mask><mask>@@H](NC(=O)c1cccc(<mask>#N<mask>c<mask>)c1ccc(F)c(F)<mask>1</s>
COc1ccccc1CNC(=O)CCNC(=O)c1cc2c(s1)SCC2,<s>COc1ccccc1CNC(=O)<mask>(=<mask>)c<mask>cc2c(s<mask>)SCC2</s>
CCOC(=O)Nc1nc2c(s1)CN(C(=O)[C@@H]1CC(=O)N(c3ccc(Cl)cc3)C1)CC2,<s>CCOC<mask>O)Nc<mask>nc2c(s1)CN<mask>C(=<mask>)[C@@H]1CC(=O)N(c3ccc(Cl)<mask><mask>)C<mask>)CC<mask></s>
COc1ccc(S(=O)(=O)N2CCCCCC2)cc1NC(=O)CCc1ccco1,<s>COc<mask>ccc(S<mask>O)(=O)N2CCCCCC2)<mask><mask>NC(=O)CCc1ccco<mask></s>
CC(C)C[C@H](NC(=O)c1ccc(Cl)cc1)C(=O)NC1CCN(C(=O)c2ccoc2)CC1,<s>CC(C)C<mask>C@H](NC<mask>O)c1ccc<mask>Cl)cc1)C(=O)<mask><mask>CCN(<mask>(=O)c2<mask>2)CC<mask></s>
C[NH+](C)C[C@H](O)C[NH2+]Cc1ccc(Br)s1,<s>C[NH+](C)C[C@<mask><mask>O<mask>C<mask>NH2+]Cc1<mask>(Br)s1</s>
CCOC(=O)N1CCc2nc(NC(=O)C3CCN(S(=O)(=O)c4cccs4)CC3)sc2C1,<s>CCOC(=O)N1<mask>2nc<mask><mask>(=O)C3CCN(S(=O<mask>O)c4<mask>4)CC3<mask>sc<mask>C1</s>
CC(C)CCC(=O)NCc1cccc(C(=O)NCc2ccco2)c1,<s>CC<mask>C)CCC(=O)NCc1cccc(<mask>(=<mask>)NCc<mask>ccco2)c1</s>
C[C@H]1Cc2ccccc2[NH+]([C@@H](C)[C@@H](C)C[NH2+]C(C)(C)C)C1,<s><mask>[C@H<mask>1<mask>2ccccc2[NH+]([C@@<mask>](C)[<mask>@@H](C<mask>C[NH2+]C<mask>C)(C)C)<mask>1</s>
CNC(=O)c1ccc(CNc2n[nH+]c(C)c(C)c2C#N)cc1,<s>CNC<mask>O)c1ccc(CNc2n[nH<mask><mask>(C<mask>c(C<mask>c2C#N<mask>cc1</s>
O=C(c1ccc2c(Cl)c3c(nc2c1)CCCC3)N(Cc1ccco1)C1CCCCC1,<s>O=C(c1ccc2c(Cl)<mask>3<mask>(nc2c1<mask>CCCC3<mask><mask>(Cc1ccco1)<mask>1<mask>1</s>
CO[C@@H](C)C(=O)N1CCN(C(=O)c2ccc(C)cc2)CC1,<s>CO<mask>C@@<mask>](<mask>)<mask><mask>O)N1CCN(C<mask>O)c2ccc(C)cc2)CC1</s>
CCC(CC)(CO)NC(=O)Nc1ccc(Cl)cc1Cl,<s>CCC(CC<mask>CO)NC(=O)Nc1ccc(<mask><mask>cc1Cl</s>
CCCc1nn2c(=O)cc(COC(=O)c3ccccc3NC(=O)c3cccs3)nc2s1,<s><mask>1nn2c(=O<mask>cc(COC(=O)c3ccccc3NC<mask><mask>)<mask>3cccs<mask>)nc2s1</s>
CC(C)c1ccc([C@@H]2C[C@@H](c3ccccc3Cl)N3NC=[NH+]C3=N2)cc1,<s><mask>(C)c<mask>ccc([C@@<mask>]2C<mask>C@@H](<mask>3ccccc3Cl)N<mask>NC=[NH+]C3=N<mask>)cc1</s>
C[C@@H]1OCC[C@H]1C(=O)Nc1cccc(Cl)c1C(=O)[O-],<s>C[C<mask><mask>]1<mask>[C@H]1<mask>(=O)Nc1<mask>(Cl)c1<mask>(=O)[O-]</s>
COc1cc(CNC(=O)c2cccc(-n3ccc4ccccc43)c2)cc(OC)c1OC,<s>COc1cc(CNC(=O)<mask><mask>cccc(-n3ccc<mask><mask>43)c2)<mask>(OC)c1OC</s>
Oc1ccc2ccccc2c1CN1CCN(C2CCCC2)CC1,<s>Oc1ccc2ccccc2c1CN1CCN(C<mask>CCCC<mask>)<mask>1</s>
CCN1CCC(n2nccc2NC(=O)c2occc2Br)CC1,<s>CCN1CCC(<mask>2nccc<mask>NC(=O)c2<mask>2Br<mask>CC1</s>
N#Cc1ncn(Cc2cc(-c3ccccc3)no2)n1,<s>N#Cc1<mask>(<mask>2cc(-c3<mask>3)no<mask>)n1</s>
CC[NH+](C)C[C@@H]1CCN([C@@H](C)C(=O)Nc2cccc3ncccc23)C1,<s>CC[NH+](<mask>)C[C@@<mask>]1CCN([C@@<mask>](C)C(=O)<mask><mask>cccc3<mask>23)C1</s>
O=C(Cn1nc(-c2cccc(Cl)c2)ccc1=O)c1ccc(Br)cc1,<s><mask>=C(Cn1nc(-<mask><mask>cccc(Cl)c2<mask>ccc1=O)c<mask>ccc(<mask>)cc1</s>
O=S(=O)(c1ccccc1)N1CCN(Cc2cccc3cccnc23)CC1,<s>O=S(=O)(c1ccccc<mask>)N1CCN(<mask>2cccc<mask>cccnc23<mask>CC1</s>
Cc1ccc(-c2noc(-c3cccc(OC(C)C)c3)n2)nn1,<s>Cc1ccc(-<mask>2noc(-c3cccc<mask>OC(<mask><mask>C<mask>c3)n2)nn1</s>
Cc1cc(NC(=O)c2ccc(Cl)c(N3CCNC3=O)c2)n(C)n1,<s>Cc1cc(NC(=O)c2ccc(<mask>)<mask>(N<mask>CCNC3=<mask>)c<mask>)n(C)<mask>1</s>
C[C@H]([NH2+]Cc1ccccc1F)c1ccc(NC(N)=O)cc1,<s>C[C@H]([<mask><mask>+]Cc<mask>ccccc1F)c1ccc<mask>NC(N<mask>O)cc1</s>
[H]/N=c1\s[n-]c(C)c1C(=O)OCC(=O)Nc1ccc(F)c(F)c1,<s>[H<mask>N=c1\s[n-]c(<mask>)c1C(=<mask>)OCC(=<mask>)<mask>1ccc(<mask>)c(F)c<mask></s>
C[C@H](NC(=O)NCc1nnc2n1CCC2)c1ccc(Cl)c(Cl)c1,<s>C[C@<mask>](NC(=O)NCc1<mask>2n1CCC2)c<mask><mask>(Cl)<mask><mask>Cl)c1</s>
COc1cc(C[NH2+]Cc2nc(-c3cccnc3)n[n-]2)ccc1OCC(F)(F)F,<s>COc1<mask>(<mask>[NH2+]Cc<mask>nc(-c3cccnc<mask>)<mask>[n-]2)ccc1OCC(F)(F<mask>F</s>
